tematica;nombre_capa;descripcion_capa;ultima_actualizacion_reportada;fuente
_4_Suelos;_4_1_Capacidad_de_Suelos_Cuenca_Rio_Sumapaz;"Información Cartográfica Del Estudio Semi-Detallado De Suelos, Generado Por Parte Del Instituto Geográfico Agustín Codazzi Igac. Para La Cuenca Del Río Sumapaz.

Información Cartográfica Del Estudio Semi-Detallado De Suelos, Generado Por Parte Del Instituto Geográfico Agustín Codazzi Igac. Para La Cuenca Del Río Sumapaz. La Clasificación De Tierras Por Su Capacidad De Uso Consiste En El Agrupamiento De Las Unidades Cartográficas De Suelos, Fundamentada En Los Efectos Combinados De Clima Y Limitaciones Permanentes O Poco Modificables De Los Suelos, Con El Fin De Establecer Sus Posibilidades De Uso, La Capacidad De Producción, El Riesgo De Deterioro Del Suelo Y Requerimientos De Manejo.";2022-08-16;Corporación Autónoma Regional de Cundinamarca
_4_Suelos;_4_2_Zonificacion_de_Degradacion_de_Suelos_por_Erosion;"Zonificación De Degradación De Suelos Por Erosión A Escala 1:25.000 En La Jurisdicción De La Car.

Zonificación De Degradación De Suelos Por Erosión A Escala 1:25.000 En La Jurisdicción De La Car.

Protocolo Para Monitoreo De La Degradación De Suelos Por Erosión A Escala 1:25.000 En La Jurisdicción Car, Vol. I. Diagnóstico Y Zonificación De La Degradación De Suelos Por Erosión A Escala 1:25.000 Y Protocolo Para Monitoreo De La Degradación De Suelos Por Erosión A Escala 1:25.000 En La Jurisdicción Car.

Este Documento Es El Resultado Del Contrato No. 2018 De 2019 Entre Car Y Grp Sas Con El Fin De Realizar El Diagnóstico Y Zonificación De La Degradación De Suelos Por Erosión A Escala 1:25.000 Y Protocolo Para Monitoreo De La Degradación De Suelos Por Erosión A Escala 1:25.000 En La Jurisdicción Car, En El Marco De La Implementación De La Política Para La Gestión Sostenible Del Suelo.";2022-06-09;Corporación Autónoma Regional de Cundinamarca
_4_Suelos;_4_3_Capacidad_de_Suelos_Cuenca_Rio_Negro;"Información Cartográfica Del Estudio Semi-Detallado De Suelos, Generado Por Parte Del Instituto Geográfico Agustín Codazzi Igac. Para La Cuenca Del Río Negro.

Información Cartográfica Del Estudio Semi-Detallado De Suelos, Generado Por Parte Del Instituto Geográfico Agustín Codazzi Igac. Para La Cuenca Del Río Negro. La Clasificación De Tierras Por Su Capacidad De Uso Consiste En El Agrupamiento De Las Unidades Cartográficas De Suelos, Fundamentada En Los Efectos Combinados De Clima Y Limitaciones Permanentes O Poco Modificables De Los Suelos, Con El Fin De Establecer Sus Posibilidades De Uso, La Capacidad De Producción, El Riesgo De Deterioro Del Suelo Y Requerimientos De Manejo.";2019-01-18;Corporación Autónoma Regional de Cundinamarca
_4_Suelos;_4_4_Suelos_Cuenca_Rio_Sumapaz;"Información Cartográfica Del Estudio Semi-Detallado De Suelos, Generado Por Parte Del Instituto Geográfico Agustín Codazzi Igac. Para La Cuenca Del Río Sumapaz.

Información Cartográfica Del Estudio Semi-Detallado De Suelos, Generado Por Parte Del Instituto Geográfico Agustín Codazzi Igac. Para La Cuenca Del Río Sumapaz. Contiene La Descripción De Las Unidades Cartográficas De Suelos (Ucs) Resultado Del Levantamiento Agrológico De Tipo Semidetallado En La Cuenca Hidrográfica Del Río Sumapaz";2022-08-16;Corporación Autónoma Regional de Cundinamarca
_4_Suelos;_4_5_Zonificacion_de_Degradacion_de_Suelos_por_Salinizacion_en_la_Jurisdiccion_CAR;"Zonificación De Degradación De Suelos Por Salinización En La Jurisdicción Car

Zonificación De La Línea Base De Degradación De Suelos Por Salinización A Escalas Regional Y Local Para La Jurisdicción Car. Elaborado En 2017 A Escala 1:25.000";2022-06-09;Corporación Autónoma Regional de Cundinamarca
_4_Suelos;_4_6_Suelos_Cuenca_Rio_Negro;"Información Cartográfica Del Estudio Semi-Detallado De Suelos, Generado Por Parte Del Instituto Geográfico Agustín Codazzi Igac. Para La Cuenca Del Río Negro

Información Cartográfica Del Estudio Semi-Detallada De Suelos, Generado Por Parte Del Instituto Geográfico Agustín Codazzi Igac. Para La Cuenca Del Río Negro. Contiene La Descripción De Las Unidades Cartográficas De Suelos (Ucs) Resultado Del Levantamiento Agrológico De Tipo Semidetallado En La Cuenca Hidrográfica Del Rio Negro";2019-01-18;Corporación Autónoma Regional de Cundinamarca
_4_Suelos;_4_7_Suelos_Reserva_Norte_Van_Der_Hammen;Suelos Zona De Reserva Norte Van Der Hammen A Escala 1:10000;2018-01-06;Corporación Autónoma Regional de Cundinamarca
_14_Ecosistema;_14_9_Bosque_Seco_Tropical;La Capa De Las Zonas De Bosque Seco Tropical A Escala 1:100.000 Muestra Los Límites Espaciales De La Delimitación De Las Áreas Identificadas Como Bosque Seco Tropical. Se Realizan Actualizaciones Mensuales Según Necesidad En Cabeza De La Dirección De Bosques, Biodiversidad Y Servicios Ecosistémicos - Dbbse. Cubre Toda La Extensión Continental Del Territorio Colombiano, En Donde Se Encuentran Las Zonas Bosque Seco Tropical.;2020-09-09;Ministerio de Ambiente y Desarrollo Sostenible
_2_Cambio_Climatico;_2_1_Cambio_en_la_escorrentia_total_anual_multiescenario_2011_2040_RCP_4_5_1981_2010;"Análisis De La Vulnerabilidad Territorial Ante El Cambio Climático - Cambio En La Escorrentía Total Anual. Multiescenario 2011-2040 Rcp 4.5 - 1981-2010

Análisis De La Vulnerabilidad Territorial Ante El Cambio Climático - Cambio En La Escorrentía Total Anual. Multiescenario 2011-2040 Rcp 4.5 - 1981-2010.

Propuesta Metodológica Para Los Entes Territoriales De La Jurisdicción Car.

Mayor Información En Https://Www.Car.Gov.Co/Vercontenido/3688";2020-01-21;Corporación Autónoma Regional de Cundinamarca
_2_Cambio_Climatico;_2_2_Cambio_en_la_precipitacion_total_anual_multiescenario_2011_2040_RCP_8_5_1981_2010;Análisis De La Vulnerabilidad Territorial Ante El Cambio Climático - Cambio En La Precipitación Total Anual. Multiescenario 2011-2040 Rcp 8.5 - 1981-2010;2020-01-21;Corporación Autónoma Regional de Cundinamarca
_2_Cambio_Climatico;_2_3_Cambio_en_la_precipitacion_anual_multiescenario_2011_2040_RCP_4_5_1981_2010;Análisis De La Vulnerabilidad Territorial Ante El Cambio Climático - Cambio En La Precipitación Anual. Multiescenario 2011-2040 Rcp 4.5 - 1981-2010;2020-01-21;Corporación Autónoma Regional de Cundinamarca
_2_Cambio_Climatico;_2_4_Cambio_en_la_temperatura_media_anual_multiescenario_2011_2040_RCP_8_5_1981_2010;Análisis De La Vulnerabilidad Territorial Ante El Cambio Climático - Cambio En La Temperatura Media Anual. Multiescenario 2011-2040 Rcp 8.5 - 1981-2010;2020-01-21;Corporación Autónoma Regional de Cundinamarca
_2_Cambio_Climatico;_2_5_Cambio_en_la_temperatura_media_anual_multiescenario_2011_2040_RCP_4_5_1981_2010;Análisis De La Vulnerabilidad Territorial Ante El Cambio Climático - Cambio En La Temperatura Media Anual. Multiescenario 2011-2040 Rcp 4.5 - 1981-2010;2020-01-21;Corporación Autónoma Regional de Cundinamarca
_2_Cambio_Climatico;_2_6_Zonas_de_vida_de_Holdridge_1981_2010;Análisis De La Vulnerabilidad Territorial Ante El Cambio Climático - Zonas De Vida De Holdridge 1981-2010;2020-01-21;Corporación Autónoma Regional de Cundinamarca
_2_Cambio_Climatico;_2_7_Escorrentia_Total_Anual_1981_2010;Análisis De La Vulnerabilidad Territorial Ante El Cambio Climático - Escorrentía Total Anual 1981-2010;2020-01-21;Corporación Autónoma Regional de Cundinamarca
_2_Cambio_Climatico;_2_8_Capacidad_Adaptativa_al_Cambio_Climatico_para_la_cuenca_del_Rio_Alto_Suarez;Capacidad Adaptativa Al Cambio Climático Para La Cuenca Del Río Alto Suárez Y Municipio De Ráquira. Generado En Marco Del Convenio 2613/2020 Car-Unal Para La Identificación De La Vulnerabilidad Al Cambio Climático De Los Ríos Seco Y Sus Directos Al Magdalena Y Alto Suárez De La Jurisdicción Car, En El Fortalecimiento Del Conocimiento Institucional De Vulnerabilidad Para La Adaptación Y Manejo Al Cambio Climático.;2022-04-26;Corporación Autónoma Regional de Cundinamarca
_2_Cambio_Climatico;_2_9_Capacidad_Adaptativa_al_Cambio_Climatico_para_la_cuenca_del_Rio_Seco;Capacidad Adaptativa Al Cambio Climático Para La Cuenca Del Río Seco Y Otros Directos Al Magdalena. Generado En Marco Del Convenio 2613/2020 Car-Unal Para La Identificación De La Vulnerabilidad Al Cambio Climático De Los Ríos Seco Y Sus Directos Al Magdalena Y Alto Suárez De La Jurisdicción Car, En El Fortalecimiento Del Conocimiento Institucional De Vulnerabilidad Para La Adaptación Y Manejo Al Cambio Climático.;2022-04-26;Corporación Autónoma Regional de Cundinamarca
_2_Cambio_Climatico;_2_10_Sensibilidad_al_Cambio_Climatico_para_la_cuenca_del_Rio_Alto_Suarez;Sensibilidad Al Cambio Climático Para La Cuenca Del Río Alto Suárez Y Municipio De Ráquira. Generado En Marco Del Convenio 2613/2020 Car-Unal Para La Identificación De La Vulnerabilidad Al Cambio Climático De Los Ríos Seco Y Sus Directos Al Magdalena Y Alto Suárez De La Jurisdicción Car, En El Fortalecimiento Del Conocimiento Institucional De Vulnerabilidad Para La Adaptación Y Manejo Al Cambio Climático.;2022-04-26;Corporación Autónoma Regional de Cundinamarca
_2_Cambio_Climatico;_2_11_Sensibilidad_al_Cambio_Climatico_para_la_cuenca_del_Rio_Seco;Sensibilidad Al Cambio Climático Para La Cuenca Del Río Seco Y Otros Directos Al Magdalena. Generado En Marco Del Convenio 2613/2020 Car-Unal Para La Identificación De La Vulnerabilidad Al Cambio Climático De Los Ríos Seco Y Sus Directos Al Magdalena Y Alto Suárez De La Jurisdicción Car, En El Fortalecimiento Del Conocimiento Institucional De Vulnerabilidad Para La Adaptación Y Manejo Al Cambio Climático.;2022-04-26;Corporación Autónoma Regional de Cundinamarca
_2_Cambio_Climatico;_2_12_Vulnerabilidad_al_Cambio_Climatico_para_la_cuenca_del_Rio_Alto_Suarez;Vulnerabilidad Al Cambio Climático Para La Cuenca Del Río Alto Suárez Y Municipio De Ráquira. Generado En Marco Del Convenio 2613/2020 Car-Unal Para La Identificación De La Vulnerabilidad Al Cambio Climático De Los Ríos Seco Y Sus Directos Al Magdalena Y Alto Suárez De La Jurisdicción Car, En El Fortalecimiento Del Conocimiento Institucional De Vulnerabilidad Para La Adaptación Y Manejo Al Cambio Climático.;2022-04-26;Corporación Autónoma Regional de Cundinamarca
_2_Cambio_Climatico;_2_13_Vulnerabilidad_al_Cambio_Climatico_para_la_cuenca_del_Rio_Seco;Vulnerabilidad Al Cambio Climático Para La Cuenca Del Río Seco Y Otros Directos Al Magdalena. Generado En Marco Del Convenio 2613/2020 Car-Unal Para La Identificación De La Vulnerabilidad Al Cambio Climático De Los Ríos Seco Y Sus Directos Al Magdalena Y Alto Suárez De La Jurisdicción Car, En El Fortalecimiento Del Conocimiento Institucional De Vulnerabilidad Para La Adaptación Y Manejo Al Cambio Climático.;2022-04-26;Corporación Autónoma Regional de Cundinamarca
_2_Cambio_Climatico;_2_14_Precipitacion_Anual_1981_2010;Análisis De La Vulnerabilidad Territorial Ante El Cambio Climático - Precipitación Anual 1981-2010;2020-01-21;Corporación Autónoma Regional de Cundinamarca
_2_Cambio_Climatico;_2_15_Temperatura_Media_Anual_1981_2010;Análisis De La Vulnerabilidad Territorial Ante El Cambio Climático - Temperatura Media Anual 1981-2010;2020-01-21;Corporación Autónoma Regional de Cundinamarca
_2_Cambio_Climatico;_2_16_Precipitacion_A2_2011_2040;Escenarios De Cambio Climático, Precipitaciones A2 2011- 2040;2019-01-17;Corporación Autónoma Regional de Cundinamarca
_2_Cambio_Climatico;_2_17_Temperatura_A2_2011_2040;Escenarios Cambio Climático Temperatura A2 2011-2040;2019-01-17;Corporación Autónoma Regional de Cundinamarca
_5_Areas_Protegidas;_5_1_Zonificacion_DMI_Cerro_Juaica;Zoniificación Ambiental Dmi Cerro Juaica Delimitado Por Acuerdo Car 42 De 1999 Y Plan De Manejo Adoptado Mediante Resolución Car 391 De 2015;2022-12-01;Corporación Autónoma Regional de Cundinamarca
_5_Areas_Protegidas;_5_2_Zonificacion_Ambiental_RFP_El_Robledal;Zonificación Ambiental Rfp El Robledal;2022-03-10;Corporación Autónoma Regional de Cundinamarca
_5_Areas_Protegidas;_5_3_Zonas_Identificadas_Inventariadas_Restaurar_Cuenca_del_Rio_Bogota;Zonas Donde Se Necesita Iniciar Procesos De Reforestación Protectora Mediante La Siembra De Especies Nativas Colombianas Y El Cuidado De Éstas, Y Prioricen Las Áreas Degradadas O Potrerizadas Que Necesitan Con Urgencia Intervención Para Reforestación;2019-07-17;Corporación Autónoma Regional de Cundinamarca
_5_Areas_Protegidas;_5_4_Zonas_A_Restaurar_en_la_Cuenca_del_Rio_Bogota;"Zonas Donde Se Necesita Iniciar Procesos De Reforestación Protectora Mediante La Siembra De Especies Nativas Colombianas Y El Cuidado De Éstas, Y Prioricen Las Áreas Degradadas O Potrerizadas Que Necesitan Con Urgencia Intervención Para Reforestación

Atendiendo La Orden 4.24 De La Sentencia De Recuperación Y Descontaminación Del Río Bogotá, Que Indica La Obligación De La Corporación, Departamento De Cundinamarca, Al Distrito Capital Y A Todos Y Cada Uno De Los Entes Territoriales Que Hacen Parte De La Cuenca Hidrográfica Del Río Bogotá, Para Que Identifiquen E Inventaríen Las Zonas Donde Se Necesita Iniciar Procesos De Reforestación Protectora Mediante La Siembra De Especies Nativas Colombianas Y El Cuidado De Éstas, Y Prioricen Las Áreas Degradadas O Potrerizadas Que Necesitan Con Urgencia Intervención Para Reforestación, La Corporación Suscribió El Convenio 279 De 2015. Producto De Ese Convenio Se Obtuvieron Las Áreas Identificadas E Inventariadas Las Zonas Donde Se Necesita Iniciar Procesos De Reforestación Protectora Mediante La Siembra De Especies Nativas Y Sobre Estas Se Priorizaron Las Áreas Degradadas O Potrerizadas. Dicho Ejercicio Se Realizó Mediante Análisis Espacial Y Trabajos De Campo, Que Se Describe En El Documento Identificación Y Priorización De Las Áreas Para Reforestación Protectora Sobre La Cuenca Del Río Bogotá.";2019-07-17;Corporación Autónoma Regional de Cundinamarca
_5_Areas_Protegidas;_5_5_Zonificacion_Ambiental_DMI_Sector_Salto_Tequendama_Cerro_Manjui;Zonificación Ambiental Del Dmi Del Sector Salto Del Tequendama Cerro Manjui;2019-05-07;Corporación Autónoma Regional de Cundinamarca
_5_Areas_Protegidas;_5_6_Zonificacion_Ambiental_RH_Humedal_Tierra_Blanca;Zonificación Ambiental Rh Humedal Tierra Blanca;2022-03-10;Corporación Autónoma Regional de Cundinamarca
_5_Areas_Protegidas;_5_7_Zonificacion_Ambiental_RH_Laguna_La_Herrera;Zonificación Ambiental Rh Laguna La Herrera;2022-03-10;Corporación Autónoma Regional de Cundinamarca
_5_Areas_Protegidas;_5_8_Zonificacion_Ambiental_RFPP_Penias_del_Aserradero;Zonificación Ambiental Rfpp Peñas Del Aserradero;2022-03-10;Corporación Autónoma Regional de Cundinamarca
_5_Areas_Protegidas;_5_9_Zonificacion_Ambiental_RFPP_El_Sapo_San_Rafael;Zonificación Ambiental Rfpp El Sapo - San Rafael;2022-03-10;Corporación Autónoma Regional de Cundinamarca
_5_Areas_Protegidas;_5_10_Zonificacion_Ambiental_DRMI_Cerro_El_Tabor;Zonificación Ambiental Drmi Cerro El Tabor;2022-03-10;Corporación Autónoma Regional de Cundinamarca
_5_Areas_Protegidas;_5_11_Zonificacion_Ambiental_DMI_Humedal_Guali;Zonificación Ambiental Drmi Humedales De Gualí, Tres Esquinas Y Lagunas Del Funzhé;2019-03-09;Corporación Autónoma Regional de Cundinamarca
_5_Areas_Protegidas;_5_12_Zonificacion_DMI_Fuquene_Cucunuba_Palacios;Zonificación Ambiental Del Dmi Complejo Lagunar Fúquene Cucunubá Y Palacios;2021-10-15;Corporación Autónoma Regional de Cundinamarca
_5_Areas_Protegidas;_5_14_Zonificacion_Ambiental_RFP_Pionono;Zonificación Ambiental Plan De Manejo Ambiental Rfp Pionono;2020-06-25;Corporación Autónoma Regional de Cundinamarca
_5_Areas_Protegidas;_5_15_Zonificacion_Ambiental_DMI_Cuchilla_San_Antonio_y_Laguna_del_Coco;Zonificación Ambiental Plan De Manejo Ambiental Distrito De Manejo Integrado Cuchilla De San Antonio Y Laguna Del Coco;2022-12-19;Corporación Autónoma Regional de Cundinamarca
_5_Areas_Protegidas;_5_16_Zonificacion_Ambiental_Van_Der_Hammen;Contiene La Zonificación Ambiental De La Zona De Reserva Norte Thomas Van Der Hammen;2022-12-18;Corporación Autónoma Regional de Cundinamarca
_5_Areas_Protegidas;_5_17_RH_Suesca;Reserva Hídrica Suesca;2020-01-05;Corporación Autónoma Regional de Cundinamarca
_5_Areas_Protegidas;_5_18_Areas_protegidas_declaradas_CAR;Áreas Protegidas Declaradas En Jurisdicción Car;2022-10-14;Corporación Autónoma Regional de Cundinamarca
_5_Areas_Protegidas;_5_19_Zonificacion_Ambiental_RFP_Paramos_Telecom_y_Merchan;Zonificación Ambiental Rfp Páramos De Telecom Y Merchán;2022-03-10;Corporación Autónoma Regional de Cundinamarca
_5_Areas_Protegidas;_5_20_Zonificacion_Ambiental_RFP_Bosque_Oriental_de_Bogota;Zonificación Ambiental Rfp Bosque Oriental De Bogotá;2022-03-10;Corporación Autónoma Regional de Cundinamarca
_5_Areas_Protegidas;_5_21_EEP_CAR;Capa De La Estructura Ecológica Principal De La Jurisdicción Car Establecida Mediante Resolución Car 20217000599 Del 7 De Diciembre De 2021;2022-12-20;Corporación Autónoma Regional de Cundinamarca
_14_Ecosistema;_14_8_Bancos_Habitat;Capa Que Contiene Los Polígonos De Los Bancos De Habitat, Los Cuales Fueron Creados Mediante La Resolución 1051 De 2017 Para Ser Un Mecanismo De Implementación De Las Obligaciones Derivadas De Las Compensaciones Ambientales Y De La Inversión Forzosa Del 1%, Bajo El Esquema De Pago Por Desempeño;2022-01-21;Ministerio de Ambiente y Desarrollo Sostenible
_1_POMCA;_1_2_Zonificacion_Ambiental_POMCA_Guayuriba_2019;Contiene La Zonificación Ambiental Del Plan De Ordenación Y Manejo De La Cuenca - Río Guayuriba;2019-01-25;Corporación Autónoma Regional de Cundinamarca
_1_POMCA;_1_3_Zonificacion_Ambiental_POMCA_Guavio_2019;Contiene La Zonificación Ambiental Del Plan De Ordenación Y Manejo De La Cuenca - Río Guayuriba;2019-01-12;Corporación Autónoma Regional de Cundinamarca
_1_POMCA;_1_4_Zonificacion_Ambiental_POMCA_Rio_Garagoa;Contiene La Zonificación Ambiental Del Plan De Ordenación Y Manejo De La Cuenca - Pomca Río Garagoa Adoptado Mediante Resolución Car 3808 De 2018;2022-12-18;Corporación Autónoma Regional de Cundinamarca
_1_POMCA;_1_5_Zonificacion_POMCA_MedioBajoSuarez;Contiene La Zonificación Ambiental Del Plan De Ordenación Y Manejo De La Cuenca - Pomca Río Medio Y Bajo Suárez 240102 Según Decreto 1640 De 2012 Adoptada Mediante Resolución Car N° 2365, Cas N° 0368 Y Corpoboyaca N° 2110 Del 27-Ago-2018;2022-04-02;Corporación Autónoma Regional de Cundinamarca
_1_POMCA;_1_6_Zonificacion_Ambiental_POMCA_Rio_Magdalena;Contiene La Zonificación Ambiental Del Plan De Ordenación Y Manejo De La Cuenca - Pomca Río Magdalena;2019-07-05;Corporación Autónoma Regional de Cundinamarca
_1_POMCA;_1_7_Zonificacion_Ambiental_POMCA_Rio_Blanco_Negro_Guayuriba;Contiene La Zonificación Ambiental Del Plan De Ordenación Y Manejo De La Cuenca - Pomca Río Blanco Negro Guyuriba;2019-03-05;Corporación Autónoma Regional de Cundinamarca
_1_POMCA;_1_8_Amenaza_Incendio_POMCA_GaragoaMacheta;Contiene La Amenaza Por Incendio Del Plan De Ordenamiento Y Manejo De La Cuenca - Pomca Río Garagoa - Macheta;2019-03-05;Corporación Autónoma Regional de Cundinamarca
_1_POMCA;_1_9_Amenaza_Inundacion_POMCA_RioGaragoaMacheta;Contiene La Amenaza Por Inundación Del Plan De Ordenamiento Y Manejo De La Cuenca - Pomca Río Garagoa - Macheta;2019-03-05;Corporación Autónoma Regional de Cundinamarca
_1_POMCA;_1_10_Amenaza_movimientoenmasa_POMCA_RioGaragoaMacheta;Contiene La Amenaza Por Remoción En Masa Del Plan De Ordenamiento Y Manejo De La Cuenca - Pomca Río Garagoa - Macheta;2019-03-05;Corporación Autónoma Regional de Cundinamarca
_1_POMCA;_1_11_Riesgo_Incendio_POMCA_RioGaragoaMacheta;Contiene La Riesgo Por Incendio Forestal Del Plan De Ordenamiento Y Manejo De La Cuenca - Pomca Río Garagoa - Macheta;2019-03-05;Corporación Autónoma Regional de Cundinamarca
_1_POMCA;_1_12_Zonificacion_Ambiental_POMCA_RioNegro;Zonificación Ambiental Del Plan De Ordenación Y Manejo De La Cuenca - Pomca Río Negro;2019-01-14;Corporación Autónoma Regional de Cundinamarca
_1_POMCA;_1_13_Zonificacion_Ambiental_POMCA_Rio_Bogota_2120_anio_2019;Contiene La Zonificación Ambiental Del Pomca Del Río Bogotá Adoptada Mediante Resolución Car 957 Del 02-Abr-2019;2022-04-30;Corporación Autónoma Regional de Cundinamarca
_1_POMCA;_1_14_Zonificacion_Ambiental_POMCA_Carare;Zonificación Ambiental Del Plan De Ordenación Y Manejo De La Cuenca - Pomca Del Río Carare - Minero, Según Decreto 1640 De 2012 Adoptada Mediante Resolución Cas 186 Del 04-Mar-2019, Car 598 Del 04-Mar-2019 Y Corpoboyacá 537 Del 04-Mar-2019.;2022-04-01;Corporación Autónoma Regional de Cundinamarca
_1_POMCA;_1_15_Zonificacion_Ambiental_POMCA_Rio_Alto_Suarez;Contiene La Zonificación Ambiental Del Plan De Ordenación Y Manejo De La Cuenca - Pomca Río Alto Suárez Según Decreto 1640 De 2012 Adoptada Mediante Resolución Car N° 1712 Y Corpoboyaca N° 2258, Las Dos Del 25 De Junio De 2018;2019-07-08;Corporación Autónoma Regional de Cundinamarca
_1_POMCA;_1_16_Amenazas_POMCA_RioNegro;Contiene Amenazas Por Inundación Y Remocion En Masa Del Plan De Ordenamiento Y Manejo De La Cuenca - Pomca Río Negro;2019-03-05;Corporación Autónoma Regional de Cundinamarca
_1_POMCA;_1_17_Amenaza_Incendios_POMCA_Rio_Negro;Contiene Amenaza Alta Por Incendios Del Plan De Ordenamiento Y Manejo De La Cuenca - Pomca Río Negro;2019-07-14;Corporación Autónoma Regional de Cundinamarca
_1_POMCA;_1_1_Zonificacion_Ambiental_POMCA_Rio_Seco_y_Otros_Directos_al_Magdalena;Contiene La Zonificación Ambiental Del Plan De Ordenación Y Manejo De La Cuenca - Río Seco Y Otros Directos Al Magdalena;2022-05-24;Corporación Autónoma Regional de Cundinamarca
_3_Cuencas_Hidrograficas;_3_1_Red_Hidrometeorologica_CAR;Catalogo De Estaciones De La Red Hidrometeorológica De La Car;2019-01-22;Corporación Autónoma Regional de Cundinamarca
_3_Cuencas_Hidrograficas;_3_2_Cuencas_escala_1_25000_CAR;Cuencas Según Pomcas En La Jurisdicción Car;2022-04-27;Corporación Autónoma Regional de Cundinamarca
_3_Cuencas_Hidrograficas;_3_3_Subcuencas_escala_1_25000_CAR;Subcuencas Según Pomcas En La Jurisdicción Car;2022-04-27;Corporación Autónoma Regional de Cundinamarca
_7_Rondas;_7_1_Delimitacion_de_Rondas;Delimitación De Zonas De Rondas Mediante Actos Administrativos De La Car;2021-01-12;Corporación Autónoma Regional de Cundinamarca
_8_Agua_Subterranea;_8_1_Zona_Critica_Aguas_Subterraneas;Servicio De Las Zonas Críticas De Aguas Subterráneas;2020-06-09;Corporación Autónoma Regional de Cundinamarca
_9_Paramos;_9_1_Paramos_CAR;Delimitación De Páramos Establecida Por El Ministerio Del Medio Ambiente;2018-09-25;Corporación Autónoma Regional de Cundinamarca
_18_Incendios;_18_1_Riesgo_Incendio_Cobertura_Vegetal_Zonificacion_Riesgos_Incendios_2014;Zonificacion De Riesgos A Incendios De La Cobertura Vegetal Para La Corporación Autónoma Regional De Cundinamarca - Car;2019-01-15;Corporación Autónoma Regional de Cundinamarca
_18_Incendios;_18_2_Riesgo_Incendio_Cobertura_Vegetal_Vulnerabilidad_Total_2014;Vulnerabilidad Total Ante Incendios De La Cobertura Vegetal Para La Corporación Autónoma Regional De Cundinamarca - Car;2019-01-14;Corporación Autónoma Regional de Cundinamarca
_18_Incendios;_18_3_Riesgo_Incendio_Cobertura_Vegetal_Vulnerabilidad_Territorial_2014;Vulnerabilidad Territorial Ante Incendios De La Cobertura Vegetal Para La Corporación Autónoma Regional De Cundinamarca - Car;2019-01-14;Corporación Autónoma Regional de Cundinamarca
_18_Incendios;_18_4_Riesgo_Incendio_Cobertura_Vegetal_Vulnerabilidad_Poblacional_2014;Vulnerabilidad Poblacional Ante Incendios De La Cobertura Vegetal Para La Corporación Autónoma Regional De Cundinamarca - Car;2019-01-14;Corporación Autónoma Regional de Cundinamarca
_18_Incendios;_18_6_Riesgo_Incendio_Cobertura_Vegetal_Vulnerabilidad_Patrimonial_2014;Vulnerabilidad Patrimonial Ante Incendios De La Cobertura Vegetal Para La Corporación Autónoma Regional De Cundinamarca - Car;2019-01-14;Corporación Autónoma Regional de Cundinamarca
_18_Incendios;_18_5_Riesgo_Incendio_Cobertura_Vegetal_Vulnerabilidad_Institucional_Incendios_2014;Vulnerabilidad Institucional Ante Incendios De La Cobertura Vegetal Para La Corporación Autónoma Regional De Cundinamarca - Car;2019-01-14;Corporación Autónoma Regional de Cundinamarca
_18_Incendios;_18_7_Riesgo_Incendio_Cobertura_Vegetal_Vulnerabilidad_Fisica_Incendios_2014;Vulnerabilidad Fisica Ante Incendios De La Cobertura Vegetal Para La Corporación Autónoma Regional De Cundinamarca - Car;2019-01-14;Corporación Autónoma Regional de Cundinamarca
_18_Incendios;_18_8_Riesgo_Incendio_Cobertura_Vegetal_Vulnerabilidad_Economica_2014;Vulnerabilidad Económica Ante Incendios De La Cobertura Vegetal Para La Corporación Autónoma Regional De Cundinamarca - Car;2019-01-14;Corporación Autónoma Regional de Cundinamarca
_18_Incendios;_18_9_Riesgo_Incendio_Cobertura_Vegetal_Vulnerabilidad_Ecologica_2014;Vulnerabilidad Ecológica Ante Incendios De La Cobertura Vegetal Para La Corporación Autónoma Regional De Cundinamarca - Car;2019-01-14;Corporación Autónoma Regional de Cundinamarca
_18_Incendios;_18_10_Riesgo_Incendio_Cobertura_Vegetal_Susceptibilidad_Total_2014;Susceptibilidad Total Ante Incendios De La Cobertura Vegetal Para La Corporación Autónoma Regional De Cundinamarca - Car;2019-01-14;Corporación Autónoma Regional de Cundinamarca
_18_Incendios;_18_11_Riesgo_Incendio_Cobertura_Vegetal_Escenario_Riesgo_Territorial_2014;Escenario Riesgo Territorial Ante Incendios De La Cobertura Vegetal Para La Corporación Autónoma Regional De Cundinamarca - Car;2019-01-14;Corporación Autónoma Regional de Cundinamarca
_18_Incendios;_18_12_Riesgo_Incendio_Cobertura_Vegetal_Escenario_Riesgo_Poblacional_2014;Escenario Riesgo Poblacional Ante Incendios De La Cobertura Vegetal Para La Corporación Autónoma Regional De Cundinamarca - Car;2019-01-14;Corporación Autónoma Regional de Cundinamarca
_18_Incendios;_18_13_Riesgo_Incendio_Cobertura_Vegetal_Amenaza_Viento_2014;Amenaza Viento Ante Incendios De La Cobertura Vegetal Para La Corporación Autónoma Regional De Cundinamarca - Car;2019-01-14;Corporación Autónoma Regional de Cundinamarca
_18_Incendios;_18_14_Riesgo_Incendio_Cobertura_Vegetal_Amenaza_Pendiente_2014;Amenaza Pendiente Ante Incendios De La Cobertura Vegetal Para La Corporación Autónoma Regional De Cundinamarca - Car;2019-01-14;Corporación Autónoma Regional de Cundinamarca
_18_Incendios;_18_15_Riesgo_Incendio_Cobertura_Vegetal_Amenaza_Frecuencia_Incendios_Cobertura_Vegetal_2014;Amenaza Frecuencia Incendios Ante Incendios De La Cobertura Vegetal Para La Corporación Autónoma Regional De Cundinamarca - Car;2019-01-14;Corporación Autónoma Regional de Cundinamarca
_18_Incendios;_18_16_Amenaza_Accesibilidad_2014;Amenaza Accesibilidad Ante Incendios De La Cobertura Vegetal Para La Corporación Autónoma Regional De Cundinamarca - Car;2019-01-14;Corporación Autónoma Regional de Cundinamarca
_18_Incendios;_18_17_Riesgo_Incendio_Cobertura_Vegetal_Susceptibilidad_Tipo_Combustible_2014;Susceptibilidad Tipo Combustible Ante Incendios De La Cobertura Vegetal Para La Corporación Autónoma Regional De Cundinamarca - Car;2019-01-14;Corporación Autónoma Regional de Cundinamarca
_18_Incendios;_18_18_Riesgo_Incendio_Cobertura_Vegetal_Susceptibilidad_Duracion_Combustibles_2014;Susceptibilidad Duración Combustible Ante Incendios De La Cobertura Vegetal Para La Corporación Autónoma Regional De Cundinamarca - Car;2019-01-14;Corporación Autónoma Regional de Cundinamarca
_18_Incendios;_18_19_Riesgo_Incendio_Cobertura_Vegetal_Escenario_Riesgo_Patrimonial_2014;Escenario Riesgo Patrimonial Ante Incendios De La Cobertura Vegetal Para La Corporación Autónoma Regional De Cundinamarca - Car;2019-01-14;Corporación Autónoma Regional de Cundinamarca
_18_Incendios;_18_20_Riesgo_Incendio_Cobertura_Vegetal_Escenario_Riesgo_Institucional_2014;Escenario Riesgo Institucional Ante Incendios De La Cobertura Vegetal Para La Corporación Autónoma Regional De Cundinamarca - Car;2019-01-14;Corporación Autónoma Regional de Cundinamarca
_18_Incendios;_18_21_Riesgo_Incendio_Cobertura_Vegetal_Escenario_Riesgo_Infraestructura_2014;Escenario Riesgo Infraestructura Ante Incendios De La Cobertura Vegetal Para La Corporación Autónoma Regional De Cundinamarca - Car;2019-01-14;Corporación Autónoma Regional de Cundinamarca
_18_Incendios;_18_22_Riesgo_Incendio_Cobertura_Vegetal_Escenario_Riesgo_Economico_2014;Escenario Económico Infraestructura Ante Incendios De La Cobertura Vegetal Para La Corporación Autónoma Regional De Cundinamarca - Car;2019-01-14;Corporación Autónoma Regional de Cundinamarca
_18_Incendios;_18_23_Riesgo_Incendio_Cobertura_Vegetal_Escenario_Riesgo_Ecologico_2014;Escenario Ecológico Infraestructura Ante Incendios De La Cobertura Vegetal Para La Corporación Autónoma Regional De Cundinamarca - Car;2019-01-14;Corporación Autónoma Regional de Cundinamarca
_18_Incendios;_18_24_Riesgo_Incendio_Cobertura_Vegetal_Escenario_Fisico_Incendios_Cobertura_Vegetal;Escenario Fisico Ante Incendios De La Cobertura Vegetal Para La Corporación Autónoma Regional De Cundinamarca - Car;2019-01-14;Corporación Autónoma Regional de Cundinamarca
_18_Incendios;_18_25_Riesgo_Incendio_Cobertura_Vegetal_Amenaza_Total_Condiciones_Normales_2014;Amenaza Total Condiciones Normales Ante Incendios De La Cobertura Vegetal Para La Corporación Autónoma Regional De Cundinamarca - Car;2019-01-14;Corporación Autónoma Regional de Cundinamarca
_18_Incendios;_18_26_Riesgo_Incendio_Cobertura_Vegetal_Amenaza_RadiacionSolar_2014;Amenaza Radiacion Solar Ante Incendios De La Cobertura Vegetal Para La Corporación Autónoma Regional De Cundinamarca - Car;2019-01-14;Corporación Autónoma Regional de Cundinamarca
_18_Incendios;_18_27_Riesgo_Incendio_Cobertura_Vegetal_Amenaza_Precipitacion_Condiciones_Normales_2014;Precipitación Condiciones Normales Ante Incendios De La Cobertura Vegetal Para La Corporación Autónoma Regional De Cundinamarca - Car;2019-01-14;Corporación Autónoma Regional de Cundinamarca
_10_Analisis_Vulnerabilidad_Riesgo_Inundacion;_10_Amenaza_Rural;Niveles De Riesgo Asociados A Inundaciones;2022-12-18;Corporación Autónoma Regional de Cundinamarca
_10_Analisis_Vulnerabilidad_Riesgo_Inundacion;_10_Amenaza_Urbano;Niveles De Riesgo Asociados A Inundaciones;2022-12-18;Corporación Autónoma Regional de Cundinamarca
_10_Analisis_Vulnerabilidad_Riesgo_Inundacion;_10_Riesgo_Rural;Niveles De Riesgo Asociados A Inundaciones;2022-12-18;Corporación Autónoma Regional de Cundinamarca
_10_Analisis_Vulnerabilidad_Riesgo_Inundacion;_10_Riesgo_Urbano;Niveles De Riesgo Asociados A Inundaciones;2022-12-18;Corporación Autónoma Regional de Cundinamarca
_10_Analisis_Vulnerabilidad_Riesgo_Inundacion;_10_Vulnerabilidad_Rural;Niveles De Riesgo Asociados A Inundaciones;2022-12-18;Corporación Autónoma Regional de Cundinamarca
_10_Analisis_Vulnerabilidad_Riesgo_Inundacion;_10_Vulnerabilidad_Urbana;Niveles De Riesgo Asociados A Inundaciones;2022-12-18;Corporación Autónoma Regional de Cundinamarca
_11_Analisis_Vulnerabilidad_Riesgo_Incendio;_11_Amenaza_Rural;Niveles De Riesgo Asociados A Incendios;2022-12-18;Corporación Autónoma Regional de Cundinamarca
_11_Analisis_Vulnerabilidad_Riesgo_Incendio;_11_Riesgo_Rural;Niveles De Riesgo Asociados A Incendios;2022-12-18;Corporación Autónoma Regional de Cundinamarca
_11_Analisis_Vulnerabilidad_Riesgo_Incendio;_11_Vulnerabilidad_Rural;Niveles De Riesgo Asociados A Incendios;2022-12-18;Corporación Autónoma Regional de Cundinamarca
_12_Analisis_Vulnerabilidad_Riesgo_Avenida_Torrencial;_12_Amenaza_Rural;Niveles De Riesgo Asociados A Avenidas Torrenciales;2022-12-18;Corporación Autónoma Regional de Cundinamarca
_12_Analisis_Vulnerabilidad_Riesgo_Avenida_Torrencial;_12_Amenaza_Urbano;Niveles De Riesgo Asociados A Avenidas Torrenciales;2022-12-18;Corporación Autónoma Regional de Cundinamarca
_12_Analisis_Vulnerabilidad_Riesgo_Avenida_Torrencial;_12_Riesgo_Rural;Niveles De Riesgo Asociados A Avenidas Torrenciales;2022-12-18;Corporación Autónoma Regional de Cundinamarca
_12_Analisis_Vulnerabilidad_Riesgo_Avenida_Torrencial;_12_Riesgo_Urbano;Niveles De Riesgo Asociados A Avenidas Torrenciales;2022-12-18;Corporación Autónoma Regional de Cundinamarca
_12_Analisis_Vulnerabilidad_Riesgo_Avenida_Torrencial;_12_Vulnerabilidad_Rural;Niveles De Riesgo Asociados A Avenidas Torrenciales;2022-12-18;Corporación Autónoma Regional de Cundinamarca
_12_Analisis_Vulnerabilidad_Riesgo_Avenida_Torrencial;_12_Vulnerabilidad_Urbana;Niveles De Riesgo Asociados A Avenidas Torrenciales;2022-12-18;Corporación Autónoma Regional de Cundinamarca
_13_Analisis_Vulnerabilidad_Riesgo_Remocion_Masa;_13_Amenaza_Rural;Niveles De Riesgo Asociados A Procesos De Remoción En Masa;2022-12-18;Corporación Autónoma Regional de Cundinamarca
_13_Analisis_Vulnerabilidad_Riesgo_Remocion_Masa;_13_Amenaza_Urbano;Niveles De Riesgo Asociados A Procesos De Remoción En Masa;2022-12-18;Corporación Autónoma Regional de Cundinamarca
_13_Analisis_Vulnerabilidad_Riesgo_Remocion_Masa;_13_Riesgo_Rural;Niveles De Riesgo Asociados A Procesos De Remoción En Masa;2022-12-18;Corporación Autónoma Regional de Cundinamarca
_13_Analisis_Vulnerabilidad_Riesgo_Remocion_Masa;_13_Riesgo_Urbano;Niveles De Riesgo Asociados A Procesos De Remoción En Masa;2022-12-18;Corporación Autónoma Regional de Cundinamarca
_13_Analisis_Vulnerabilidad_Riesgo_Remocion_Masa;_13_Vulnerabilidad_Rural;Niveles De Riesgo Asociados A Procesos De Remoción En Masa;2022-12-18;Corporación Autónoma Regional de Cundinamarca
_13_Analisis_Vulnerabilidad_Riesgo_Remocion_Masa;_13_Vulnerabilidad_Urbana;Niveles De Riesgo Asociados A Procesos De Remoción En Masa;2022-12-18;Corporación Autónoma Regional de Cundinamarca
_4_Suelos;_4_10_Cobertura_Tierra;"El Objeto Geográfico Cobertura De La Tierra Periodo 2018 A Escala 1:100.000 Corresponde A La Reinterpretación Y/O Interpretación Visual De Imágenes Landsat 8 Para La Parte Continental E Imágenes Sentinel 2 Para El Archipiélago De San Andrés, Providencia Y Santa Catalina, Todas Con Fecha De Captura Dentro Del Periodo (Año) 2018. Se Siguió La Metodología Corine Land Cover Adaptada Para Colombia, Escala 1:100.000, (Ideam, Igac, & Cormagdalena, 2008). Se Estableció Un ""Limite Ambiental"" Para La Capa Oficial De Coberturas, Conformado Por El Límite Del Marco Geoestadístico Nacional (Mgn) En Las Áreas Terrestres Continentales Y En La Línea De Costa, Se Incluyeron Las Coberturas Asociadas Con Dinámicas Marino Costeras Visibles En Las Imágenes Satelitales.

El Área Mínima De Mapeo Utilizada Según La Metodología Es De 5 Ha Para Los Territorios Artificializados Y 25 Ha Para Los Territorios Agrícolas, Bosques Y Áreas Seminaturales, Áreas Húmedas Y Superficies De Agua.";2021-04-06; Instituto de Hidrología, Meteorología y Estudios Ambientales
_15_Licencias_Ambientales;_15_1_Areas_Licenciadas_Hidrocarburos;Capa De Información Espacial Que Contiene Los Polígonos De Las Áreas Licenciadas Para Los Proyectos En El Sector De Hidrocarburos. Contiene Información Como El Nombre De La Empresa Solicitante O Titular De La Licencia, El Nombre Del Proyecto Objeto De Licenciamiento O Licenciado, El Número De La Resolución O Acto Administrativo Establecido Por La Anla Que Otorga Licencia O Impone Obligación Y La Fecha De La Resolución O Acto Administrativo Que Otorga Licencia O Impone Obligación.;2020-07-29;Autoridad Nacional de Licencias Ambientales
_15_Licencias_Ambientales;_15_2_Areas_Licenciadas_Infraestructura;Capa De Información Espacial Que Contiene Los Polígonos De Las Áreas Licenciadas Para Los Proyectos En El Sector De Infraestructura. Contiene Información Como El Nombre De La Empresa Solicitante O Titular De La Licencia, El Nombre Del Proyecto Objeto De Licenciamiento O Licenciado, El Número De La Resolución O Acto Administrativo Establecido Por La Anla Que Otorga Licencia O Impone Obligación Y La Fecha De La Resolución O Acto Administrativo Que Otorga Licencia O Impone Obligación.;2022-01-13;Autoridad Nacional de Licencias Ambientales
_17_Desarrollo_Rural;_17_7_Zonas_Reserva_Campesina;Representación Gráfica De Las Zonas De Reserva Campesina, Se Entienden Las Zonas De Reserva Campesina Como Un Movimiento Socio-Territorial, Las Cuales Tienen En Cuenta Una Apropiación Material Y Simbólica Del Espacio Geográfico, Que Pueden O No, Coincidir Con Las Formas Estatales Actuales.;2019-01-01;Agencia Nacional de Tierras
_17_Desarrollo_Rural;_17_3_Oferta_Ambiental;El Establecimiento De La Oferta Ambiental De Un País Debe Integrar Múltiples Aproximaciones Que Involucren Los Recursos Naturales, Renovables O No, En El Marco Complejo De La Población Que Lo Habita. A Su Vez Debe Comprender Aspectos De Conservación/Protección Ambientales, Áreas De Susceptibilidad Y Amenazas Naturales, Producción Agropecuaria, Agroforestal, Forestal Y De Recursos Naturales. Este Producto Es Generado Por La Subdirección De Agrología Del Instituto Geográfico Agustín Codazzi  - Igac, Para El Territorio Nacional, El Cual Fue Publicado En La Obra Suelos Y Tierras De Colombia 2016 A Escala 1:100.000.;2016-10-01;Instituto Geográfico Agustín Codazzi
_17_Desarrollo_Rural;_17_2_Demanda_Ambiental_Coberturas_2002_2005;La Demanda Ambiental Está Representada Por El Uso De Los Recursos Naturales Que Hace La Población En El Territorio En Que Está Asentada E Incluye La Utilización Predominante De Las Tierras, Los Procesos De Explotación De Hidrocarburos, La Minería, Los Usos Marinos Y La Pesca Artesanal E Industrial. Este Producto Es Generado Por La Subdirección De Agrología Del Instituto Geográfico Agustín Codazzi  - Igac, Para El Territorio Nacional, El Cual Fue Publicado En La Obra Suelos Y Tierras De Colombia 2016 A Escala 1:100.000.;2016-01-01;Instituto Geográfico Agustín Codazzi
_17_Desarrollo_Rural;_17_6_Resguardos_Indigenas_Legalizados_Colombia;Se Entienden Los Resguardos Indígenas Como Una Institución Legal Sociopolítica De Origen Colonial, Conformada Por Un Territorio Reconocido De Una Comunidad De Ascendencia Amerindia, Con Título De Propiedad Inalienable, Colectiva O Comunitaria, Regido Por Un Estatuto Especial Autónomo, Con Pautas Y Tradiciones Culturales Propias. La Información Se Encuentra Disponible Para Visualización, Consulta Y Descarga, Y Se Actualiza De Acuerdo A Las Dinámicas De La Agencia Y Los Procesos Que Al Interior De Ella Se Adelanten.;2022-10-12;Agencia Nacional de Tierras
_4_Suelos;_4_8_Suelos_Cundinamarca;Distribución De Las Características Del Suelo, Determinadas Mediante El Levantamiento General De Suelos Del Departamento De Cundinamarca A Escala 1:100.000, Publicado El Año 1988. Suministra Información Importante Acerca Del Recurso Suelo, A Través De La Descripción E Interpretación De Sus Ambientes Edafogenéticos, Sus Características Físicas, Químicas, Mineralógicas Y Morfológicas, Su Taxonomía Y Distribución Espacial, Como Base Para La Determinación De Sus Potenciales Productivos, Describiendo Las Limitantes De Uso. Este Producto Es Generado Por La Subdirección De Agrología Del Instituto Geográfico Agustín Codazzi - Igac, Para El Departamento De Cundinamarca A Escala 1:100.000.;1988-01-01;Instituto Geográfico Agustín Codazzi
_4_Suelos;_4_9_Capacidad_Uso_Tierras;"La Clasificación Por Capacidad De Uso Está Basada En La Interpretación De Las Unidades Cartográficas Que Integran El Mapa De Suelos Del País (Escala 1:100.000). La Interpretación Busca Establecer Las Restricciones Y Potencialidades Biofísicas De Las Tierras. Los Criterios Para Evaluarlas Y Sus Rangos De Variación Se Adaptaron Al País; A Partir De La Clasificación Originada En Los Estados Unidos; A Través De La Experiencia Proporcionada Durante Más De Cinco Décadas De Aplicación. La Clasificación Propende Por La Utilización Correcta De Las Tierras Del País Y; Al Estar Espacializada; Constituye Un Criterio Imprescindible En Los Planes De Ordenamiento Territorial; En La Toma De Decisiones Con El Fin De Reducir Su Uso Irracional Y En La Planificación De Sus Recursos Naturales.";2014-12-30;Instituto Geográfico Agustín Codazzi
_14_Ecosistema;_14_3_Ecosistemas_Paramo;"Contiene La Delimitación De Los Páramos, Determinada Por El Ministerio De Ambiente Y Desarrollo Sostenible, Que Tienen Cubrimiento Geográfico En La Jurisdicción De Corpochivor. El Páramo Está Definido, Según La Ley 1930 De 2018, Como Un ""...Ecosistema De Alta Montaña, Ubicado Entre El Límite Superior Del Bosque Andino Y, Si Se Da El Caso, El Límite Inferior De Los Glaciares, En El Cual Dominan Asociaciones Vegetales Tales Como Pajonales, Frailejones, Matorrales, Prados Y Chuscales, Además Puede Haber Formaciones De Bosques Bajos Y Arbustos Y Presentar Humedales Como Los Ríos, Quebradas, Arroyos, Turberas, Pantanos, Lagos Y Lagunas, Entre Otros..."".";2020-12-31;Ministerio de Ambiente y Desarrollo Sostenible
_6_Jurisdiccion_CAR;_6_2_Limites Autoridades Ambientales 2022;Capa Que Contiene De Los Límites De Las Corporaciones Autónomas Regionales,  Construidos Con Base En La Capa De Limites Municipales A Escala 1:25000 Publicados Por El Instituto Geográfico Agustí Codazzi – Igac Del Año 2018 Y De La Sinergia Con La Propuesta De Los Límites De Las Corporaciones Autónomas Regionales Construido Por El Ideam. Cubre Toda La Extensión Continental Del Territorio Colombiano, Además Del Archipiélago De San Andrés Y Providencia. Esta Versión Cuenta Con Una Actualización De La Información Alfanumérica Con La Incorporación De 2 Atributos;2022-10-27;Ministerio de Ambiente y Desarrollo Sostenible
_17_Desarrollo_Rural;_17_1_Suburbanizacion_CAR;Las Corporaciones Autónomas Regionales - Car, Son Las Entidades Que A Nivel Regional Tienen La Competencia De Fijar Las Determinantes Ambientales. Una Vez Adoptados Los Planes De Manejo Y De Definición De La Función Amortiguadora De Las Áreas Protegidas Se Incorporarán Como Determinantes Del Ot Municipal O Distrital En Aquellos Municipios Y Distritos Que Se Encuentren Dentro De Su Jurisdicción. El Mapa Adopción De Determinantes Ambientales Para Pot Muestra La Jurisdicción De Las Car (Autoridades Regionales) Y De Las Autoridades Locales, Que Han Adoptado O Actualizado Las Determinantes Ambientales Para Que Los Municipios Bajo Dicha Jurisdicción, Las Apliquen En Sus Planes De Ordenamiento Municipal.;2021-12-30;Ministerio de Ambiente y Desarrollo Sostenible
_17_Desarrollo_Rural;_17_4_Vigencia_Catastral_2020;Capa Geográfica Que Representa, Por Municipio, La Vigencia En La Actualización De Su Catastro A Corte 2020;2021-12-30;Instituto Geográfico Agustín Codazzi
_17_Desarrollo_Rural;_17_5_Clasificacion_Terrenos_Rurales_Catastro;"Patrones De Distribución De La Tierra Rural Por Tamaño De Predios, De Acuerdo A Las Categorías Microfundio, Minifundio, Pequeña, Mediana Y Gran Propiedad Propuestas En El Atlas De La Distribución De La Propiedad Rural En Colombia (Igac, 2012); ";2021-12-30;Instituto Geográfico Agustín Codazzi
_14_Ecosistema;_14_1_Humedal;La Capa De Los Humedales A Escala 1:100.000 Actualizada En 2020 Muestra Los Límites Espaciales Construidos A Partir De Las Resoluciones Y Los Ejercicios Técnicos Realizados, De Cada Una De Las Zonas De Estudio. Se Realizan Actualizaciones Mensuales Según Necesidad, Hasta Diciembre De 2020 En Cabeza De La Dirección De Bosques, Biodiversidad Y Servicios Ecosistémicos - Dbbse. Cubre Toda La Extensión Continental Del Territorio Colombiano, En Donde Se Encuentran Los Humedales.;2021-01-30;Ministerio de Ambiente y Desarrollo Sostenible
_14_Ecosistema;_14_2_Humedal_Ramsar;La Capa De Áreas De Importancia Especial Y De Ecosistemas Estratégicos Ilustra Las 37 Áreas De Páramo Delimitadas En El País Mediante Las Leyes 1450 De 2011 Y 1753 De 2015, Que Fueron Ratificadas Por La Ley 1930 De 2018. Asimismo, Ilustra Las Zonas En Reservas Forestales De Ley 2ª De 1959 Que Abarcan Una Superficie Total De 65.280.321 Ha, Y Que Fueron Establecidas Para El Desarrollo De La Economía Forestal Y Protección De Los Suelos, Las Aguas Y La Vida Silvestre. Por Otra Parte, También Se Ilustran Los Ecosistemas De Humedales Reconocidos Por El Ministerio De Ambiente Y Desarrollo Sostenible. Se Representan Los 12 Sitios Designados Como Humedales De Importancia Internacional De La Convención Ramsar Con Más De Un Millón De Hectáreas Reconocidas, Destacando El Primer Complejo Urbano De Humedales Altoandinos De Latinoamérica Ubicado En Bogotá Declarado En 2018 (Ministerio De Ambiente Y Desarrollo Sostenible, 2021).;2021-12-30;Ministerio de Ambiente y Desarrollo Sostenible
_14_Ecosistema;_14_4_POMCAS;La Capa De Áreas De Importancia Especial Y De Ecosistemas Estratégicos Ilustra Las 37 Áreas De Páramo Delimitadas En El País Mediante Las Leyes 1450 De 2011 Y 1753 De 2015, Que Fueron Ratificadas Por La Ley 1930 De 2018. Asimismo, Ilustra Las Zonas En Reservas Forestales De Ley 2ª De 1959 Que Abarcan Una Superficie Total De 65.280.321 Ha, Y Que Fueron Establecidas Para El Desarrollo De La Economía Forestal Y Protección De Los Suelos, Las Aguas Y La Vida Silvestre. Por Otra Parte, También Se Ilustran Los Ecosistemas De Humedales Reconocidos Por El Ministerio De Ambiente Y Desarrollo Sostenible. Se Representan Los 12 Sitios Designados Como Humedales De Importancia Internacional De La Convención Ramsar Con Más De Un Millón De Hectáreas Reconocidas, Destacando El Primer Complejo Urbano De Humedales Altoandinos De Latinoamérica Ubicado En Bogotá Declarado En 2018 (Ministerio De Ambiente Y Desarrollo Sostenible, 2021).;2021-12-30;Ministerio de Ambiente y Desarrollo Sostenible
_14_Ecosistema;_14_5_Reserva_Forestal_Ley_2;La Capa De Áreas De Importancia Especial Y De Ecosistemas Estratégicos Ilustra Las 37 Áreas De Páramo Delimitadas En El País Mediante Las Leyes 1450 De 2011 Y 1753 De 2015, Que Fueron Ratificadas Por La Ley 1930 De 2018. Asimismo, Ilustra Las Zonas En Reservas Forestales De Ley 2ª De 1959 Que Abarcan Una Superficie Total De 65.280.321 Ha, Y Que Fueron Establecidas Para El Desarrollo De La Economía Forestal Y Protección De Los Suelos, Las Aguas Y La Vida Silvestre. Por Otra Parte, También Se Ilustran Los Ecosistemas De Humedales Reconocidos Por El Ministerio De Ambiente Y Desarrollo Sostenible. Se Representan Los 12 Sitios Designados Como Humedales De Importancia Internacional De La Convención Ramsar Con Más De Un Millón De Hectáreas Reconocidas, Destacando El Primer Complejo Urbano De Humedales Altoandinos De Latinoamérica Ubicado En Bogotá Declarado En 2018 (Ministerio De Ambiente Y Desarrollo Sostenible, 2021).;2021-12-30;Ministerio de Ambiente y Desarrollo Sostenible
_14_Ecosistema;_14_6_Registro_Unico_Nacional_Areas_Protegidas;La Capa De Áreas De Importancia Especial Y De Ecosistemas Estratégicos Ilustra Las 37 Áreas De Páramo Delimitadas En El País Mediante Las Leyes 1450 De 2011 Y 1753 De 2015, Que Fueron Ratificadas Por La Ley 1930 De 2018. Asimismo, Ilustra Las Zonas En Reservas Forestales De Ley 2ª De 1959 Que Abarcan Una Superficie Total De 65.280.321 Ha, Y Que Fueron Establecidas Para El Desarrollo De La Economía Forestal Y Protección De Los Suelos, Las Aguas Y La Vida Silvestre. Por Otra Parte, También Se Ilustran Los Ecosistemas De Humedales Reconocidos Por El Ministerio De Ambiente Y Desarrollo Sostenible. Se Representan Los 12 Sitios Designados Como Humedales De Importancia Internacional De La Convención Ramsar Con Más De Un Millón De Hectáreas Reconocidas, Destacando El Primer Complejo Urbano De Humedales Altoandinos De Latinoamérica Ubicado En Bogotá Declarado En 2018 (Ministerio De Ambiente Y Desarrollo Sostenible, 2021).;2021-12-30;Ministerio de Ambiente y Desarrollo Sostenible
_14_Ecosistema;_14_7_Parque_Natural_Nacional;La Capa De Parques Nacionales Naturales Según Categoría, Perteneciente Al Sistema De Información Geográfica Para La Planeación Y El Ordenamiento Territorial - Sigot, Contiene Información A Nivel Municipal Referente Al Tipo De Categoría De Parque Nacional Natural (Reserva Natural, Área Natural Única, Santuario De Flora, Santuario De Fauna Y Vía Parque) Para El Año 2017. Información Proporcionada Por Parques Nacionales Naturales De Colombia.;2020-01-01;Parques Nacionales Naturales
_6_Jurisdiccion_CAR;_6_1_Jurisdiccion_CAR;Límite De La Jurisdiccion Car Cundinamarca;2018-09-25;Corporación Autónoma Regional de Cundinamarca
_16_Infraestructura;_16_1_Disposicion_Regional;Localización de la infraestructura básica relacionada con sistemas de saneamiento (plantas de tratamiento de agua potable PTAP que benefician a más de 22 millones de habitantes, las 29 plantas de tratamiento de aguas residuales PTAR más representativas por su caudal de diseño, 63 rellenos sanitarios y celdas de contingencia regionales en los que disponen sus residuos más de 1000 municipios), ;2021-12-30;Instituto Geográfico Agustín Codazzi
_16_Infraestructura;_16_2_Embalse;Localización de la infraestructura básica relacionada con sistemas de abastecimiento de agua (embalses y lagunas).;2021-12-30;Instituto Geográfico Agustín Codazzi
_16_Infraestructura;_16_4_Laguna;Localización de la infraestructura básica relacionada con sistemas de abastecimiento de agua (embalses y lagunas).;2021-12-30;Instituto Geográfico Agustín Codazzi
_16_Infraestructura;_16_5_Plantas_Tratamiento_Agua_Potable;Localización de la infraestructura básica relacionada con sistemas de saneamiento (plantas de tratamiento de agua potable PTAP que benefician a más de 22 millones de habitantes, las 29 plantas de tratamiento de aguas residuales PTAR más representativas por su caudal de diseño, 63 rellenos sanitarios y celdas de contingencia regionales en los que disponen sus residuos más de 1000 municipios), ;2021-12-30;Instituto Geográfico Agustín Codazzi
_16_Infraestructura;_16_3_Red_Vial_Nacional;Red Vial Nacional de Carreteras que esta conformada por las troncales, transversales y accesos a capitales de Departamento que cumplen la función básica de integración de las principales zonas de producción y consumo del país y de éste con los demás países.;2016-01-01;Instituto Nacional de Vias
;Biomas;"Los biomas se definen por la interacción de elementos climáticos (relación de la altitud con la temperatura, precipitación total anual y evapotranspiración) y edafopedológicos (características internas de los suelos y el material litológico). Fueron delimitados a escala 1: 100.000 a partir de las capas de ecosistemas elaborada por el Ideam y colaboradores (2007), de precipitación anual del Ideam (Ideam 2005), ,de páramos (IAvH 2012), de biomas de los Andes colombianos (Rodríguez et al. 2004), de suelos a escala 1:100.000 (IGAC 2009a;b;c), y apoyándose en el modelo de elevación digital SRTM (Shuttle Radar Topography Mission) de 30 metros y las imágenes satelitales Landsat TM y ETM (distribución libre USGS, http://earthexplorer.usgs.gov/). A partir de la capa de precipitación y del modelo de elevación se estableció el piso térmico asociado al índice de humedad de acuerdo a los modelos de regresión descritos por Eslava et al. (2001). Finalmente, se separaron unidades de acuerdo a las características edáficas y la apariencia de la vegetación, basándose en la taxonomía de suelos y en la interpretación visual de las imágenes satelitales respectivamente. Este producto forma parte del convenio 12-067 firmado entre el Instituto de Investigación de recursos Biológicos Alexander von Humboldt y la Empresa Colombiana de Petróleos S.A..";2014-12-31;Instituto de Investigación de Recursos Biológicos Alexander von Humboldt
;Colapso_Terrestre;"La probabilidad de colapso, el posible cambio o transformación al que están sometidos los ecosistemas debido a una alteración en su estabilidad y diversidad; lo que causa una reducción en su capacidad de proveer servicios ecosistémicos, resiliencia y su efecto amortiguador, al igual que su resistencia a la invasión y otros atributos funcionales. Fueron delimitados a escala 1: 100.000 tomando como capa base las unidades de análisis y meta de conservación. Este producto forma parte del convenio 12-067 firmado entre el Instituto de Investigación de recursos Biológicos Alexander von Humboldt y la Empresa Colombiana de Petróleos S.A.";2014-12-31;Instituto de Investigación de Recursos Biológicos Alexander von Humboldt
;Distritos_Biogeograficos;Los distritos biogeográficos reflejan los patrones de similitud biológica a escala global mientras que los distritos corresponden a escalas regionales. La distribución de la biota se produce incluso a escalas geográficas detalladas y el resultado es la división de la tierra en unidades biogeográficas jerárquicas que reflejan los patrones de similitud faunística y florística. Fueron delimitados a escala 1: 100.000 a partir de la información acumulada por el Laboratorio de Biogeografía Aplicada y Bioacústica del Instituto Humboldt, el análisis de arreglos espaciales de especies realizado por el Fondo Mundial para la Naturaleza (WWF-Colombia 2008) en el Chocó biogeográfico, y los documentos y mapas elaborados por Hernández-Camacho y colaboradores (1992), así como Olson et al. (2001) y van der Hammen (1998). De esta forma se obtuvieron para el área de estudio 117 distritos agrupados en siete provincias biogeográficas. Este producto forma parte del convenio 12-067 firmado entre el Instituto de Investigación de recursos Biológicos Alexander von Humboldt y la Empresa Colombiana de Petróleos S.A..;2014-12-31;Instituto de Investigación de Recursos Biológicos Alexander von Humboldt
;Unidades_Hidrobiologicas;Las unidades hidrobiológicas muestran una aproximación de cómo ha sido la historia, en el espacio y en el tiempo, de los drenajes en Colombia. Dado que esta historia es dinámica, es posible interpretarla a través de la distribución actual de los organismos acuáticos. Para construir una visión hidrobiológica del país se realizó una agrupación de las subzonas hidrográficas escala 1: 100.000 definidas por el Instituto de Hidrología, Meteorología y Estudios Ambientales (IDEAM, 2010), con base en las semejanzas y diferencias en la composición íctica, la dirección y subdivisión de los drenajes, y las características geomorfológicas de las cuencas. Este producto forma parte del convenio 12-067 firmado entre el Instituto de Investigación de recursos Biológicos Alexander von Humboldt y la Empresa Colombiana de Petróleos S.A.;2014-12-31;Instituto de Investigación de Recursos Biológicos Alexander von Humboldt
;Lineamientos_Conservacion_Areas_Operativas;La capa presenta áreas prioritarias para la conservación de la biodiversidad (preservación, restauración, uso sostenible y generación de conocimiento), mediante una aproximación biogeográfica, ecológica y de planeación estratégica sectorial de las áreas operativas de Ecopetrol en aproximadamente 70 millones de hectáreas correspondientes a más del 60% del territorio continental colombiano. Sus acciones se concentran en la región andina, los Llanos Orientales, el Chocó biogeográfico, el piedemonte amazónico y la región caribe. Así mismo busca definir lineamientos para la gestión integral de la biodiversidad y sus servicios ecosistémicos, y su integración en la actividad empresarial mediante la implementación de un sistema de soporte para toma de decisiones.;2015-01-20;Instituto de Investigación de Recursos Biológicos Alexander von Humboldt
;Meta_Conservacion;"Se calculó una meta de conservación a partir del estimado de la probabilidad de colapso de la diversidad biológica obtenida para cada unidad de análisis y subzonas hidrográficas. Para cada unidad de análisis se calculó la probabilidad de colapso de la biodiversidad biológica (terrestre y acuática) para ser integradas posteriormente en un valor único. La evaluación de la probabilidad de colapso se realizó a partir de la interacción de las amenazas (motores de perdida de la biodiversidad o factores extremos) y vulnerabilidades intrínsecas a las unidades de análisis. El rango de meta de conservación (MC) entre un 17% como la meta mínima y un 60% como la máxima, se le asignó al valor mínimo de la probabilidad de colapso, la meta de 17% y al máximo de la probabilidad de colapso (100%), la meta de 60%. Los valores fueron fijados con base en la última comunicación del Convenio de Diversidad Biológica donde la meta 11 del Plan Estratégico para la Biodiversidad 2011-2020 (http://www.cbd.int/sp/) plantea que “para el 2020 al menos el 17% del territorio terrestre y dulce acuícola y el 10% del área marina y costera deberán ser manejados de manera eficiente y equitativa, a su vez ser ecológicamente representativos…”. Basados en esto, consideramos prudente que la meta mínima para UAT de baja probabilidad de colapso sea de 17%. El valor máximo de 60% dado a la UA de mayor probabilidad de colapso se definió basado en diversos autores (Pressey et al, 2003; Margules y Pressey, 2000; Tear et al, 2005), que han considerado y demostrado, que cambios superiores al 40% de la condición original del territorio, puede suponer la pérdida de la homeostasis de los ecosistemas. Este producto forma parte del convenio 12-067 firmado entre el Instituto de Investigación de recursos Biológicos Alexander von Humboldt y la Empresa Colombiana de Petróleos S.A..";2014-12-31;Instituto de Investigación de Recursos Biológicos Alexander von Humboldt
;Unicidad_Areas_Operativas_Ecopetrol;"La capa de ""Unicidad"" define la característica de las Unidades Geográficas de Análisis, evaluando que tanto se traslapa en relación con otras coberturas geográficas, que para este caso son los Biomas del Mapa de ecosistemas marinos, costeros y continentales (IDEAM, et al 2007) y las ecorregiones del mundo (Olsen, et al, 1998).
Dos características se evalúan, con cuántas unidades se traslapa y qué porcentaje esta traslapado. Con estas dos características se genera un valor de unicidad que esta entre 1, (cuando la unidad se traslapa con solo una unidad de las demás coberturas y por tanto esta traslapada al 100%, y se le considera muy única, es decir 100% de unicidad) y cercano a 0, cuando se repite múltiples veces, y en valores pequeños, que nos permite considerar a la unidad como ""común"". Este producto forma parte del convenio 12-067 firmado entre el Instituto de Investigación de recursos Biológicos Alexander von Humboldt y la Empresa Colombiana de Petróleos S.A..";2014-12-31;Instituto de Investigación de Recursos Biológicos Alexander von Humboldt
;Unidades_Analisis_Territoriales_Areas_Operativas_Ecopetrol;Las Unidades de análisis territoriales a escala 1: 100.000 para las áreas operativas de Ecopetrol se construyeron haciendo una combinación con la información de tres componentes: unidades hidrobiológicas, biogeográficas y de biomas. Después de hacer esta combinación, se realizó una evaluación de las relaciones fuertes o débiles que se establecen entre sus componentes y el tamaño de las unidades. Teniendo en cuenta esto, cada unidad se identificó por el o los elementos más destacados o significativos, que integren o separen unidades de análisis territorial, de modo que cada una de ellas tenga una identidad clara y transparente. Este producto forma parte del convenio 12-067 firmado entre el Instituto de Investigación de recursos Biológicos Alexander von Humboldt y la Empresa Colombiana de Petróleos S.A..;2014-12-31;Instituto de Investigación de Recursos Biológicos Alexander von Humboldt
;Procesos_Gobernanza;"El Shapefile ""Procesos_Gobernanza"" contiene información espacial de los distintos registros correspondientes a los procesos de gobernanza identificados por la línea de Gobernanza y Equidad del Programa de Ciencias Sociales y Saberes de la Biodiversidad, en marco de la revisión de fuentes secundarias internas del Instituto realizada para la elaboración del POA 2020 titulado “Análisis de la relación entre gobernanza, conflictos socioecológicos y conservación de la biodiversidad en la alta montaña”.

A partir de la matriz de sistematización de procesos de gobernanza (fuentes secundarias), se procedió a espacializar dichos procesos, dando como resultado un shapefile que contiene los puntos de ubicación aproximada de los procesos, los cuales responde a distintas escalas de incidencia como departamental, municipal, veredal, Áreas Protegidas, Territorios colectivos, entre otros.

Este producto forma parte de los resultados del contrato No. 20-20-0041-166PS, suscrito entre el Instituto Humboldt y Michael Roger Piratova Silva.";2020-10-24;Instituto de Investigación de Recursos Biológicos Alexander von Humboldt
;Grado_Transformacion_Humedales;"Esta capa corresponde al grado de transformación de humedales, medido como el área que tiene características geomorfológicas y de suelos de humedal pero que actualmente no tiene cobertura asociada a ecosistemas de humedal. Este producto forma parte de los resultados del contrato No. 14-13-014-308S, suscrito entre el Instituto Humboldt y Jorge Eduardo Patiño Quinchía, que tiene por objeto: Prestar los servicios profesionales para elaborar:
a. Un documento técnico que aporte a los manuales metodológicos para la delimitación de cada una de las ventanas a escala 1:25.000 partiendo de los criterios físicos para la misma,
b. Realizar el análisis de transformación de humedales a nivel nacional y
c. Aportes a la clasificación de humedales partiendo de la información geomorfológica generada durante el primer año de ejecución del proyecto delimitación páramos y humedales, con el fin de aportar insumos técnicos y recomendaciones que contribuyan a la delimitación de humedales y desarrollo de actividades enmarcadas en el Convenio No. 13 - 014 (FA.005 de 2013) suscrito entre el Fondo Adaptación y el Instituto de Investigación de Recursos Biológicos “Alexander von Humboldt”.";2015-04-30;Instituto de Investigación de Recursos Biológicos Alexander von Humboldt
_3_Cuencas_Hidrograficas;_3_4_Drenaje_Sencillo;Drenajes sencillos, escala 1:100.000;2022-04-01;Instituto Geográfico Agustín Codazzi
_3_Cuencas_Hidrograficas;_3_5_Canal_Sencillo;Canales sencillos, escala 1:100.000;2022-04-01;Instituto Geográfico Agustín Codazzi
_3_Cuencas_Hidrograficas;_3_6_Drenaje_Doble;Drenajes dobles, escala 1:100.000;2022-04-01;Instituto Geográfico Agustín Codazzi
_19_Geologia_Geomorfologia;_19_1_Fallas_Geologicas;"Las unidades representadas en el mapa son unidades cronoestratigráficas y fueron agrupadas de acuerdo a la edad y la litología de los materiales. Para la edad se utilizó como referencia la Carta Cronoestratigráfica Internacional 2020 y para la división litológica se diferenciaron las rocas y los depósitos. Las rocas se representaron según su clasificación principal: ígneas, metamórficas y sedimentarias; también, se consideraron las rocas volcanoclásticas como un tipo adicional. Los depósitos se dividieron en paludal, aluvial, volcanoclástico, morrénico, de terraza, de abanico, de caída de ceniza, de dunas y de costas. Las rocas ígneas se clasificaron por ambiente de formación en volcánicas, hipoabisales y plutónicas; estas a su vez se subdividieron por composición en ultramáficas, máficas, intermedias y félsicas. Las rocas metamórficas se separaron por grado de metamorfismo en muy bajo, bajo, medio y alto grado; y se diferenciaron las de alta presión y, por su importancia económica, los mármoles. Las rocas sedimentarias y volcanoclásticas se agruparon según su ambiente de formación. Las primeras se clasificaron en continental, transicional, continental–transicional, continental–transicional–marino, transicional–marino y marino, mientras que las segundas, en continental, continental–transicional y marino.";2022-06-15;Servicio Geologico Colombiano
_19_Geologia_Geomorfologia;_19_2_Pliegues;Pliegues alojados en el mapa geológico de Colombia, año de actualización 2018;2018-09-25;Servicio Geologico Colombiano
_19_Geologia_Geomorfologia;_19_3_Unidades_Cronoestratigraficas;Unidades cronoestratigráficas alojadas en el mapa geológico de Colombia, año de actualización 2018;2018-09-25;Servicio Geologico Colombiano
_19_Geologia_Geomorfologia;_19_4_Zonas_Potencial_Geoquimico;"Las zonas con potencial mineral es la agrupación de anomalías históricas que fueron compiladas a partir de documentos, mapas y bases de datos que se produjeron en proyectos institucionales orientados a la búsqueda de recursos minerales para el desarrollo del país. Las zonas fueron re- interpretadas teniendo en cuenta los avances en el conocimiento geológico del país.

Las zonas potenciales para recursos minerales se presentan con una caracterización geológica y una descripción general que documentan el potencial mineral de cada zona.  ";2022-02-10;Servicio Geologico Colombiano
_19_Geologia_Geomorfologia;_19_5_Zonas_Carboniferas_Colombia;Las zonas carboníferas presentadas en este conjunto de datos se basa en el libro “El Carbón Colombiano - Recursos, Reservas y Calidad” INGEOMINAS 2004, los programas de normalización de recursos y reservas de carbón realizados en las zonas carboníferas de Boyacá, Santander, Norte de Santander, Cundinamarca, Valle del cauca, Cauca y Antioquia, estudios adelantados en su momento por ECOCARBON, MINERCOL y a partir de 2008 por INGEOMINAS.;2021-07-16;Servicio Geologico Colombiano
_19_Geologia_Geomorfologia;_19_6_Zonas_Potenciales_Integradas_Grupo_3;Zonas con Potencial Integral para Recursos Minerales de Colombia - Grupo 3 Metales de la industria del acero. En este mapa se muestran las Zonas con Potencial Integral para el grupo mineral el grupo 3 Metales de la industria del acero;2022-12-05;Servicio Geologico Colombiano
_19_Geologia_Geomorfologia;_19_7_Zonas_Potenciales_Integradas_Grupo_1;Zonas con Potencial Integral para Recursos Minerales de Colombia - Grupo 1. Metales y Minerales Preciosos. En este mapa se muestran las Zonas con Potencial Integral para el grupo mineral 1, metales y minerales preciosos.;2019-04-17;Servicio Geologico Colombiano
_19_Geologia_Geomorfologia;_19_8_Zonas_Potenciales_Integradas_Grupo_7;Este conjunto de datos presenta la clasificación de zonas potenciales de recursos minerales, para el grupo 7: Materiales de Construcción;2019-04-17;Servicio Geologico Colombiano
_19_Geologia_Geomorfologia;_19_9_Zonas_Potenciales_Integradas_Grupo_2;Zonas con Potencial Integral para Recursos Minerales de Colombia - Grupo 2. Metales Básico En este mapa se muestran las Zonas con Potencial Integral para el grupo mineral 2, metales básicos;2019-03-14;Servicio Geologico Colombiano
_19_Geologia_Geomorfologia;_19_10_Zonas_Potenciales_Integradas_Grupo_4;En este mapa se presentan las Zonas con Potencial Integral para Recursos Minerales de Colombia - Grupo 4 Metales Especiales;2019-03-14;Servicio Geologico Colombiano
_19_Geologia_Geomorfologia;_19_11_Zonas_Potenciales_Integradas_Grupo_5;En este mapa se presentan las Zonas con Potencial Integral para Recursos Minerales de Colombia - Grupo 5: Minerales Industriales.;2019-03-14;Servicio Geologico Colombiano
_19_Geologia_Geomorfologia;_19_12_Zonas_Potenciales_Integradas_Grupo_6;Este conjunto de datos presenta la clasificación de zonas potenciales de recursos minerales, para el grupo de Minerales Energéticos de Colombia;2019-03-14;Servicio Geologico Colombiano
_19_Geologia_Geomorfologia;_19_13_Pozos_Banco_Informacion_Petrolera;El feature de pozos de BIP corresponde a la capa de pozos que se crean a partir de la información entregada por las compañías operadoras en particular forma-4cr, forma-6cr, forma-10acr y registro de pozos. El feature captura la información de coordenadas geográficas de superficie y fondo y los principales atributos del pozo como objeto geográfico;2022-09-13;Servicio Geologico Colombiano
_19_Geologia_Geomorfologia;_19_14_Inventario_Movimientos_Masa;El inventario de movimientos en masa, contiene los datos referentes a la información levantada en campo y verificada por el grupo de movimientos en masa del SGC en este inventario se presentan los datos de inestabilidad del terreno entre otros;2020-03-10;Servicio Geologico Colombiano
;;;;
;;;;
;;;;
;;;;
;;;;
;;;;
;;;;
;;;;
;;;;
;;;;
;;;;
;;;;
;;;;
;;;;
;;;;
;;;;
;;;;
;;;;
;;;;
;;;;
;;;;
;;;;
;;;;
;;;;
;;;;
;;;;
;;;;
;;;;
;;;;
;;;;
;;;;
;;;;
